<?xml version="1.0"?>

<map>
	<database name="MsSqlServer" class="CMsSqlServerDatabase">
		<parameter name="provider" value="sqloledb"/>
		<parameter name="serverName" value="vegas"/>
		<parameter name="databaseName" value="lvrtrd"/>
		<parameter name="trusted" value="FALSE"/>
		<parameter name="security" value="SSPI"/>
		<parameter name="promptPassword" value="FALSE"/>
		<parameter name="userName" value="sa"/>
		<parameter name="password" value=""/>
		<parameter name="remoteIP" value="FALSE"/>
		<parameter name="networkLibrary" value="DBMSSOCN"/>
	</database>
	
	<!--
	<database name="MySQL" class="CMySqlDatabase">
		<parameter name="name" value="JCtest"/>
		<parameter name="serverName" value="localhost"/>
		<parameter name="user" value="JCtest"/>
		<parameter name="password" value="JCtest"/>
		<parameter name="portNumber" value="3306"/>
		<parameter name="option" value="16834"/>
	</database>
	-->

	<class name="TCuser" table="t_user" database="MsSqlServer">
		<attribute name="Text" column="user_text" key="primary"/>
		<attribute name="Pass" column="user_pass"/>
		<attribute name="Name" column="user_name"/>
		<attribute name="Stat" column="user_stat"/>
	</class>
</map>