<?xml version="1.0" encoding="UTF-8"?>
<font-metrics type="TYPE0"><font-name>SolaimanLipi,Normal,Normal</font-name><embed/><cap-height>0</cap-height><x-height>0</x-height><ascender>862</ascender><descender>-292</descender><bbox><left>-552</left><bottom>-434</bottom><right>1116</right><top>862</top></bbox><flags>33</flags><stemv>0</stemv><italicangle>0</italicangle><subtype>TYPE0</subtype><multibyte-extras><cid-type>CIDFontType2</cid-type><default-width>0</default-width><bfranges><bf us="0" ue="0" gi="1"/><bf us="13" ue="13" gi="2"/><bf us="32" ue="35" gi="3"/><bf us="37" ue="47" gi="7"/><bf us="58" ue="64" gi="18"/><bf us="91" ue="93" gi="25"/><bf us="95" ue="95" gi="28"/><bf us="123" ue="125" gi="29"/><bf us="247" ue="247" gi="38"/><bf us="2404" ue="2405" gi="42"/><bf us="2433" ue="2435" gi="44"/><bf us="2437" ue="2444" gi="47"/><bf us="2447" ue="2448" gi="55"/><bf us="2451" ue="2472" gi="57"/><bf us="2474" ue="2480" gi="79"/><bf us="2482" ue="2482" gi="86"/><bf us="2486" ue="2489" gi="87"/><bf us="2492" ue="2500" gi="91"/><bf us="2503" ue="2504" gi="100"/><bf us="2507" ue="2509" gi="102"/><bf us="2519" ue="2519" gi="105"/><bf us="2524" ue="2525" gi="106"/><bf us="2527" ue="2531" gi="108"/><bf us="2534" ue="2554" gi="113"/><bf us="8204" ue="8205" gi="39"/><bf us="8211" ue="8212" gi="36"/><bf us="8216" ue="8217" gi="32"/><bf us="8220" ue="8221" gi="34"/><bf us="9676" ue="9676" gi="41"/><bf us="65535" ue="65535" gi="0"/></bfranges><cid-widths start-index="0"><wx w="862"/><wx w="0"/><wx w="251"/><wx w="251"/><wx w="326"/><wx w="347"/><wx w="469"/><wx w="625"/><wx w="557"/><wx w="152"/><wx w="312"/><wx w="312"/><wx w="500"/><wx w="563"/><wx w="250"/><wx w="333"/><wx w="250"/><wx w="277"/><wx w="277"/><wx w="277"/><wx w="563"/><wx w="563"/><wx w="563"/><wx w="373"/><wx w="755"/><wx w="223"/><wx w="277"/><wx w="245"/><wx w="577"/><wx w="479"/><wx w="155"/><wx w="479"/><wx w="233"/><wx w="233"/><wx w="421"/><wx w="431"/><wx w="400"/><wx w="546"/><wx w="524"/><wx w="0"/><wx w="0"/><wx w="502"/><wx w="318"/><wx w="446"/><wx w="0"/><wx w="300"/><wx w="312"/><wx w="594"/><wx w="776"/><wx w="469"/><wx w="513"/><wx w="535"/><wx w="561"/><wx w="604"/><wx w="481"/><wx w="580"/><wx w="604"/><wx w="540"/><wx w="620"/><wx w="570"/><wx w="485"/><wx w="484"/><wx w="471"/><wx w="457"/><wx w="408"/><wx w="452"/><wx w="591"/><wx w="551"/><wx w="771"/><wx w="414"/><wx w="404"/><wx w="522"/><wx w="415"/><wx w="450"/><wx w="551"/><wx w="477"/><wx w="478"/><wx w="449"/><wx w="448"/><wx w="535"/><wx w="611"/><wx w="443"/><wx w="534"/><wx w="492"/><wx w="474"/><wx w="442"/><wx w="542"/><wx w="507"/><wx w="467"/><wx w="523"/><wx w="419"/><wx w="0"/><wx w="419"/><wx w="202"/><wx w="189"/><wx w="202"/><wx w="0"/><wx w="0"/><wx w="0"/><wx w="0"/><wx w="294"/><wx w="289"/><wx w="774"/><wx w="825"/><wx w="0"/><wx w="219"/><wx w="523"/><wx w="420"/><wx w="469"/><wx w="604"/><wx w="481"/><wx w="0"/><wx w="0"/><wx w="500"/><wx w="437"/><wx w="479"/><wx w="507"/><wx w="497"/><wx w="500"/><wx w="482"/><wx w="503"/><wx w="517"/><wx w="481"/><wx w="443"/><wx w="443"/><wx w="429"/><wx w="383"/><wx w="432"/><wx w="478"/><wx w="539"/><wx w="158"/><wx w="365"/><wx w="280"/><wx w="357"/><wx w="270"/><wx w="263"/><wx w="0"/><wx w="0"/><wx w="0"/><wx w="468"/><wx w="346"/><wx w="250"/><wx w="361"/><wx w="326"/><wx w="270"/><wx w="222"/><wx w="348"/><wx w="295"/><wx w="424"/><wx w="594"/><wx w="317"/><wx w="312"/><wx w="401"/><wx w="318"/><wx w="212"/><wx w="356"/><wx w="367"/><wx w="196"/><wx w="345"/><wx w="200"/><wx w="306"/><wx w="471"/><wx w="341"/><wx w="411"/><wx w="282"/><wx w="356"/><wx w="0"/><wx w="295"/><wx w="282"/><wx w="236"/><wx w="359"/><wx w="323"/><wx w="402"/><wx w="324"/><wx w="360"/><wx w="0"/><wx w="341"/><wx w="241"/><wx w="723"/><wx w="628"/><wx w="511"/><wx w="500"/><wx w="481"/><wx w="460"/><wx w="452"/><wx w="591"/><wx w="480"/><wx w="462"/><wx w="516"/><wx w="528"/><wx w="499"/><wx w="551"/><wx w="477"/><wx w="478"/><wx w="449"/><wx w="511"/><wx w="510"/><wx w="535"/><wx w="616"/><wx w="443"/><wx w="523"/><wx w="534"/><wx w="526"/><wx w="523"/><wx w="507"/><wx w="538"/><wx w="523"/><wx w="489"/><wx w="419"/><wx w="535"/><wx w="527"/><wx w="655"/><wx w="568"/><wx w="440"/><wx w="504"/><wx w="750"/><wx w="501"/><wx w="750"/><wx w="498"/><wx w="750"/><wx w="468"/><wx w="495"/><wx w="570"/><wx w="660"/><wx w="570"/><wx w="652"/><wx w="636"/><wx w="757"/><wx w="626"/><wx w="484"/><wx w="775"/><wx w="588"/><wx w="563"/><wx w="484"/><wx w="631"/><wx w="484"/><wx w="471"/><wx w="528"/><wx w="581"/><wx w="917"/><wx w="917"/><wx w="765"/><wx w="513"/><wx w="766"/><wx w="771"/><wx w="759"/><wx w="555"/><wx w="604"/><wx w="659"/><wx w="659"/><wx w="659"/><wx w="774"/><wx w="408"/><wx w="775"/><wx w="775"/><wx w="599"/><wx w="671"/><wx w="625"/><wx w="545"/><wx w="570"/><wx w="644"/><wx w="451"/><wx w="520"/><wx w="512"/><wx w="522"/><wx w="873"/><wx w="621"/><wx w="613"/><wx w="613"/><wx w="512"/><wx w="434"/><wx w="624"/><wx w="434"/><wx w="624"/><wx w="415"/><wx w="450"/><wx w="581"/><wx w="508"/><wx w="508"/><wx w="515"/><wx w="551"/><wx w="673"/><wx w="634"/><wx w="551"/><wx w="804"/><wx w="771"/><wx w="561"/><wx w="561"/><wx w="561"/><wx w="536"/><wx w="581"/><wx w="478"/><wx w="547"/><wx w="451"/><wx w="547"/><wx w="600"/><wx w="449"/><wx w="585"/><wx w="655"/><wx w="655"/><wx w="463"/><wx w="551"/><wx w="551"/><wx w="628"/><wx w="566"/><wx w="566"/><wx w="463"/><wx w="566"/><wx w="474"/><wx w="706"/><wx w="624"/><wx w="664"/><wx w="549"/><wx w="549"/><wx w="590"/><wx w="448"/><wx w="588"/><wx w="671"/><wx w="747"/><wx w="490"/><wx w="535"/><wx w="535"/><wx w="684"/><wx w="535"/><wx w="797"/><wx w="624"/><wx w="611"/><wx w="619"/><wx w="558"/><wx w="558"/><wx w="578"/><wx w="443"/><wx w="537"/><wx w="443"/><wx w="534"/><wx w="550"/><wx w="786"/><wx w="757"/><wx w="407"/><wx w="492"/><wx w="828"/><wx w="824"/><wx w="830"/><wx w="874"/><wx w="844"/><wx w="597"/><wx w="456"/><wx w="597"/><wx w="571"/><wx w="414"/><wx w="492"/><wx w="805"/><wx w="805"/><wx w="584"/><wx w="804"/><wx w="752"/><wx w="752"/><wx w="618"/><wx w="618"/><wx w="571"/><wx w="813"/><wx w="516"/><wx w="832"/><wx w="834"/><wx w="834"/><wx w="679"/><wx w="516"/><wx w="520"/><wx w="687"/><wx w="745"/><wx w="507"/><wx w="669"/><wx w="507"/><wx w="508"/><wx w="666"/><wx w="439"/><wx w="506"/><wx w="486"/><wx w="652"/><wx w="768"/><wx w="784"/><wx w="832"/><wx w="815"/><wx w="525"/><wx w="595"/><wx w="844"/><wx w="640"/><wx w="526"/><wx w="553"/><wx w="564"/><wx w="564"/><wx w="498"/><wx w="564"/><wx w="498"/><wx w="498"/><wx w="901"/><wx w="895"/><wx w="890"/><wx w="954"/><wx w="916"/><wx w="676"/><wx w="523"/><wx w="491"/><wx w="419"/><wx w="663"/><wx w="639"/><wx w="831"/><wx w="419"/><wx w="853"/><wx w="570"/><wx w="484"/><wx w="471"/><wx w="408"/><wx w="452"/><wx w="591"/><wx w="414"/><wx w="522"/><wx w="450"/><wx w="551"/><wx w="477"/><wx w="392"/><wx w="750"/><wx w="450"/><wx w="535"/><wx w="709"/><wx w="534"/><wx w="456"/><wx w="504"/><wx w="543"/><wx w="507"/><wx w="532"/><wx w="762"/><wx w="419"/><wx w="687"/><wx w="627"/><wx w="512"/><wx w="705"/><wx w="639"/><wx w="684"/><wx w="625"/><wx w="591"/><wx w="591"/><wx w="499"/><wx w="652"/><wx w="681"/><wx w="606"/><wx w="498"/><wx w="744"/><wx w="648"/><wx w="659"/><wx w="579"/><wx w="540"/><wx w="664"/><wx w="664"/><wx w="746"/><wx w="679"/><wx w="740"/><wx w="673"/><wx w="648"/><wx w="575"/><wx w="443"/><wx w="571"/><wx w="726"/><wx w="652"/><wx w="1035"/><wx w="960"/><wx w="724"/><wx w="655"/><wx w="618"/><wx w="558"/><wx w="516"/><wx w="497"/><wx w="726"/><wx w="660"/><wx w="719"/><wx w="666"/><wx w="981"/><wx w="925"/><wx w="554"/><wx w="715"/><wx w="645"/><wx w="723"/><wx w="639"/><wx w="1102"/><wx w="1039"/><wx w="1102"/><wx w="1027"/><wx w="441"/><wx w="582"/><wx w="645"/><wx w="579"/><wx w="645"/><wx w="443"/><wx w="729"/><wx w="655"/><wx w="709"/><wx w="599"/><wx w="621"/><wx w="546"/><wx w="687"/><wx w="669"/><wx w="570"/><wx w="485"/><wx w="484"/><wx w="471"/><wx w="457"/><wx w="408"/><wx w="452"/><wx w="591"/><wx w="551"/><wx w="771"/><wx w="414"/><wx w="404"/><wx w="522"/><wx w="415"/><wx w="450"/><wx w="551"/><wx w="477"/><wx w="478"/><wx w="449"/><wx w="448"/><wx w="535"/><wx w="611"/><wx w="443"/><wx w="534"/><wx w="492"/><wx w="463"/><wx w="430"/><wx w="516"/><wx w="507"/><wx w="467"/><wx w="523"/><wx w="419"/><wx w="523"/><wx w="420"/><wx w="469"/><wx w="443"/><wx w="443"/><wx w="318"/><wx w="346"/><wx w="333"/><wx w="347"/><wx w="333"/><wx w="0"/><wx w="158"/><wx w="0"/><wx w="113"/><wx w="0"/><wx w="187"/><wx w="0"/><wx w="0"/><wx w="0"/><wx w="53"/><wx w="0"/><wx w="450"/><wx w="0"/><wx w="0"/><wx w="0"/><wx w="0"/><wx w="315"/><wx w="36"/><wx w="298"/><wx w="0"/><wx w="0"/><wx w="0"/><wx w="0"/><wx w="0"/><wx w="516"/><wx w="92"/><wx w="458"/><wx w="0"/><wx w="570"/><wx w="500"/><wx w="367"/><wx w="199"/><wx w="500"/><wx w="439"/><wx w="241"/><wx w="498"/><wx w="0"/><wx w="450"/></cid-widths></multibyte-extras></font-metrics>