<OlapChart Palette="Dundas" BorderLineColor="26, 59, 105" BuildNumber="5.0.0.1690">
	<Series>
		<Series Name="Series1" XValueType="Double" YValueType="Double" ShadowOffset="2" BorderColor="26, 59, 105"></Series>
		<Series Name="Series2" XValueType="Double" YValueType="Double" ShadowOffset="2" BorderColor="26, 59, 105"></Series>
	</Series>
	<Legends>
		<Legend Name="Default" Enabled="False" BackColor="White" BorderColor="26, 59, 105" ShadowOffset="2"></Legend>
	</Legends>
	<Titles>
		<Title Name="MainTitle" Text="\nDundas OLAP Services for .NET\nNo data available." BackColor="Beige" BorderColor="64, 64, 64" ShadowOffset="2"></Title>
	</Titles>
	<ChartAreas>
		<ChartArea BackColor="White" ShadowOffset="2" BorderColor="26, 59, 105" BorderStyle="Solid" Name="Default">
			<AxisY>
				<MajorGrid LineColor="Silver" />
				<MinorGrid LineColor="Silver" />
			</AxisY>
			<AxisX>
				<MajorGrid LineColor="Silver" />
				<MinorGrid LineColor="Silver" />
			</AxisX>
			<AxisX2>
				<MajorGrid LineColor="Silver" />
				<MinorGrid LineColor="Silver" />
				<LabelStyle Enabled="False" />
			</AxisX2>
			<AxisY2>
				<MajorGrid LineColor="Silver" />
				<MinorGrid LineColor="Silver" />
			</AxisY2>
		</ChartArea>
	</ChartAreas>
</OlapChart>