<OlapReports>
  <OlapReport Name="Sales by Store by Product" Description="" CubeName="Warehouse and Sales" DataTitleFormat="#MEASURES by #DIMENSIONS" ReadOnly="False" NonEmptyCellsOnly="True">
    <ChartTemplate>&lt;?xml version="1.0" encoding="utf-16"?&gt;
&lt;OlapChart SuppressExceptions="True" Palette="Dundas" BackColor="WhiteSmoke" BackGradientType="DiagonalLeft" BackGradientEndColor="White" BorderLineColor="26, 59, 105" BorderLineStyle="Solid" BuildNumber="5.0.0.1689"&gt;
  &lt;Series&gt;
    &lt;Series Name="Store Sales" XValueType="Double" XValueIndexed="True" YValueType="Double" Color="65, 140, 240" BorderColor="64, 64, 64" CustomAttributes="_OlapDataSeries_=true" LegendText="Store Sales"&gt;
    &lt;/Series&gt;
  &lt;/Series&gt;
  &lt;Legends&gt;
    &lt;Legend Name="Default" BackColor="White" BorderColor="26, 59, 105" ShadowOffset="2"&gt;
    &lt;/Legend&gt;
  &lt;/Legends&gt;
  &lt;Titles&gt;
    &lt;Title Name="MainTitle" Text="Store Sales by Store by Product" Font="Microsoft Sans Serif, 12pt"&gt;
    &lt;/Title&gt;
    &lt;Title Name="NoData" Visible="False" DockToChartArea="Default" Text="No Data Available"&gt;
    &lt;/Title&gt;
  &lt;/Titles&gt;
  &lt;ChartAreas&gt;
    &lt;ChartArea BackColor="White" ShadowOffset="2" BorderColor="26, 59, 105" BorderStyle="Solid" Name="Default"&gt;
      &lt;CursorX UserSelection="True" /&gt;
      &lt;AxisY LabelsAutoFitStyle="DecreaseFont, LabelsAngleStep90, WordWrap"&gt;
        &lt;MajorGrid LineColor="Silver" /&gt;
        &lt;MinorGrid LineColor="Silver" /&gt;
      &lt;/AxisY&gt;
      &lt;AxisX LabelsAutoFitStyle="DecreaseFont, LabelsAngleStep90, WordWrap"&gt;
        &lt;MajorGrid LineColor="Silver" Enabled="False" /&gt;
        &lt;MinorGrid LineColor="Silver" /&gt;
        &lt;MajorTickMark Interval="1" Enabled="False" /&gt;
        &lt;MinorTickMark LineColor="Transparent" Disabled="False" /&gt;
        &lt;LabelStyle Interval="1" /&gt;
        &lt;ScrollBar PositionInside="False" BackColor="Control" /&gt;
      &lt;/AxisX&gt;
      &lt;AxisX2 LabelsAutoFitStyle="DecreaseFont, LabelsAngleStep90, WordWrap"&gt;
        &lt;MajorGrid LineColor="Silver" Enabled="False" /&gt;
        &lt;MinorGrid LineColor="Silver" /&gt;
        &lt;MajorTickMark Interval="1" /&gt;
        &lt;LabelStyle Interval="1" /&gt;
      &lt;/AxisX2&gt;
      &lt;AxisY2 LabelsAutoFitStyle="DecreaseFont, LabelsAngleStep90, WordWrap"&gt;
        &lt;MajorGrid LineColor="Silver" /&gt;
        &lt;MinorGrid LineColor="Silver" /&gt;
      &lt;/AxisY2&gt;
    &lt;/ChartArea&gt;
  &lt;/ChartAreas&gt;
  &lt;BorderSkin SkinStyle="Emboss" FrameBackColor="CornflowerBlue" FrameBackGradientEndColor="CornflowerBlue" /&gt;
  &lt;UI&gt;
    &lt;ContextMenu Enabled="True"&gt;
    &lt;/ContextMenu&gt;
    &lt;Toolbar Enabled="True" Placement="OutsideChart" BorderColor="26, 59, 105"&gt;
      &lt;BorderSkin SkinStyle="Emboss" /&gt;
    &lt;/Toolbar&gt;
  &lt;/UI&gt;
&lt;/OlapChart&gt;</ChartTemplate>
    <AxisDescriptors>
      <AxisDescriptor AxisName="Categorical">
        <Dimensions>
          <Dimension Name="Product" LevelName="Product Family" ShowAllParentLevels="False" MemberSortOrder="None">
            <Members>
              <Member Name="Drink" UniqueName="[Product].[All Products].[Drink]" />
              <Member Name="Alcoholic Beverages" UniqueName="[Product].[All Products].[Drink].[Alcoholic Beverages]" />
              <Member Name="Beverages" UniqueName="[Product].[All Products].[Drink].[Beverages]" />
              <Member Name="Dairy" UniqueName="[Product].[All Products].[Drink].[Dairy]" />
              <Member Name="Food" UniqueName="[Product].[All Products].[Food]" />
              <Member Name="Non-Consumable" UniqueName="[Product].[All Products].[Non-Consumable]" />
            </Members>
          </Dimension>
          <Dimension Name="Store" LevelName="Store State" ShowAllParentLevels="False" MemberSortOrder="None">
            <Members>
              <Member Name="BC" UniqueName="[Store].[All Stores].[Canada].[BC]" />
              <Member Name="DF" UniqueName="[Store].[All Stores].[Mexico].[DF]" />
              <Member Name="Guerrero" UniqueName="[Store].[All Stores].[Mexico].[Guerrero]" />
              <Member Name="Jalisco" UniqueName="[Store].[All Stores].[Mexico].[Jalisco]" />
              <Member Name="Veracruz" UniqueName="[Store].[All Stores].[Mexico].[Veracruz]" />
              <Member Name="Yucatan" UniqueName="[Store].[All Stores].[Mexico].[Yucatan]" />
              <Member Name="Zacatecas" UniqueName="[Store].[All Stores].[Mexico].[Zacatecas]" />
              <Member Name="CA" UniqueName="[Store].[All Stores].[USA].[CA]" />
              <Member Name="OR" UniqueName="[Store].[All Stores].[USA].[OR]" />
              <Member Name="WA" UniqueName="[Store].[All Stores].[USA].[WA]" />
            </Members>
          </Dimension>
        </Dimensions>
      </AxisDescriptor>
      <AxisDescriptor AxisName="Series">
        <Dimensions>
          <Dimension Name="Measures" LevelName="" ShowAllParentLevels="False" MemberSortOrder="None">
            <Members>
              <Member Name="Store Sales" UniqueName="[Measures].[Store Sales]" />
            </Members>
          </Dimension>
        </Dimensions>
      </AxisDescriptor>
      <AxisDescriptor AxisName="Slicer" />
    </AxisDescriptors>
    <ExpandedTuples>
      <ExpandedTuple Name="[Product].[All Products].[Drink]" />
    </ExpandedTuples>
  </OlapReport>
  <OlapReport Name="Top 10 Warehouse Profit by Product" Description="" CubeName="Warehouse" DataTitleFormat="#MEASURES by #DIMENSIONS" ReadOnly="False" NonEmptyCellsOnly="True">
    <ChartTemplate>&lt;?xml version="1.0" encoding="utf-16"?&gt;
&lt;OlapChart SuppressExceptions="True" Palette="Dundas" BackColor="WhiteSmoke" BackGradientType="DiagonalLeft" BackGradientEndColor="White" BorderLineColor="26, 59, 105" BorderLineStyle="Solid" BuildNumber="5.0.0.1689"&gt;
  &lt;Series&gt;
    &lt;Series Name="Warehouse Profit" XValueType="Double" XValueIndexed="True" YValueType="Double" Color="252, 180, 65" BorderColor="64, 64, 64" CustomAttributes="_OlapDataSeries_=true" LegendText="Warehouse Profit"&gt;
    &lt;/Series&gt;
  &lt;/Series&gt;
  &lt;Legends&gt;
    &lt;Legend Name="Default" BackColor="White" BorderColor="26, 59, 105" ShadowOffset="2"&gt;
    &lt;/Legend&gt;
  &lt;/Legends&gt;
  &lt;Titles&gt;
    &lt;Title Name="MainTitle" Text="Warehouse Profit by Product" Font="Microsoft Sans Serif, 12pt"&gt;
    &lt;/Title&gt;
    &lt;Title Name="NoData" Visible="False" DockToChartArea="Default" Text="No Data Available"&gt;
    &lt;/Title&gt;
  &lt;/Titles&gt;
  &lt;ChartAreas&gt;
    &lt;ChartArea BackColor="White" ShadowOffset="2" BorderColor="26, 59, 105" BorderStyle="Solid" Name="Default"&gt;
      &lt;CursorX UserSelection="True" /&gt;
      &lt;AxisY LabelsAutoFitStyle="DecreaseFont, LabelsAngleStep90, WordWrap"&gt;
        &lt;MajorGrid LineColor="Silver" /&gt;
        &lt;MinorGrid LineColor="Silver" /&gt;
      &lt;/AxisY&gt;
      &lt;AxisX LabelsAutoFitStyle="DecreaseFont, LabelsAngleStep90, WordWrap"&gt;
        &lt;MajorGrid LineColor="Silver" Enabled="False" /&gt;
        &lt;MinorGrid LineColor="Silver" /&gt;
        &lt;MajorTickMark Interval="1" Enabled="False" /&gt;
        &lt;MinorTickMark LineColor="Transparent" Disabled="False" /&gt;
        &lt;LabelStyle Interval="1" /&gt;
        &lt;ScrollBar PositionInside="False" BackColor="Control" /&gt;
      &lt;/AxisX&gt;
      &lt;AxisX2 LabelsAutoFitStyle="DecreaseFont, LabelsAngleStep90, WordWrap"&gt;
        &lt;MajorGrid LineColor="Silver" Enabled="False" /&gt;
        &lt;MinorGrid LineColor="Silver" /&gt;
        &lt;MajorTickMark Interval="1" /&gt;
        &lt;LabelStyle Interval="1" /&gt;
      &lt;/AxisX2&gt;
      &lt;AxisY2 LabelsAutoFitStyle="DecreaseFont, LabelsAngleStep90, WordWrap"&gt;
        &lt;MajorGrid LineColor="Silver" /&gt;
        &lt;MinorGrid LineColor="Silver" /&gt;
      &lt;/AxisY2&gt;
    &lt;/ChartArea&gt;
  &lt;/ChartAreas&gt;
  &lt;BorderSkin SkinStyle="Emboss" FrameBackColor="CornflowerBlue" FrameBackGradientEndColor="CornflowerBlue" /&gt;
  &lt;UI&gt;
    &lt;ContextMenu Enabled="True"&gt;
    &lt;/ContextMenu&gt;
    &lt;Toolbar Enabled="True" Placement="OutsideChart" BorderColor="26, 59, 105"&gt;
      &lt;BorderSkin SkinStyle="Emboss" /&gt;
    &lt;/Toolbar&gt;
  &lt;/UI&gt;
&lt;/OlapChart&gt;</ChartTemplate>
    <AxisDescriptors>
      <AxisDescriptor AxisName="Categorical">
        <Dimensions>
          <Dimension Name="Product" LevelName="Product Category" ShowAllParentLevels="False" MemberSortOrder="None" />
        </Dimensions>
        <SortingAndFiltering FilterTopBottomType="Top" FilterTopBottomValue="10" FilterTopBottomValueType="Items" FilterTopBottomBreaksHierarchy="True" FilterTopBottomMeasure="Warehouse Profit" />
      </AxisDescriptor>
      <AxisDescriptor AxisName="Series">
        <Dimensions>
          <Dimension Name="Measures" LevelName="" ShowAllParentLevels="False" MemberSortOrder="None">
            <Members>
              <Member Name="Warehouse Profit" UniqueName="[Measures].[Warehouse Profit]" />
            </Members>
          </Dimension>
        </Dimensions>
      </AxisDescriptor>
      <AxisDescriptor AxisName="Slicer" />
    </AxisDescriptors>
  </OlapReport>
  <OlapReport Name="Avg. Salary by Store Type and Time" Description="" CubeName="HR" DataTitleFormat="#MEASURES by #DIMENSIONS" ReadOnly="False" NonEmptyCellsOnly="True">
    <ChartTemplate>&lt;?xml version="1.0" encoding="utf-16"?&gt;
&lt;OlapChart SuppressExceptions="True" Palette="Dundas" BackColor="WhiteSmoke" BackGradientType="DiagonalLeft" BackGradientEndColor="White" BorderLineColor="26, 59, 105" BorderLineStyle="Solid" BuildNumber="5.0.0.1689"&gt;
  &lt;Series&gt;
    &lt;Series Name="HQ Finance and Accounting - Avg Salary" XValueType="Double" XValueIndexed="True" YValueType="Double" Color="224, 64, 10" BorderColor="64, 64, 64" CustomAttributes="_OlapDataSeries_=true" LegendText="HQ Finance and Accounting - Avg Salary"&gt;
    &lt;/Series&gt;
    &lt;Series Name="HQ General Management - Avg Salary" XValueType="Double" XValueIndexed="True" YValueType="Double" Color="5, 100, 146" BorderColor="64, 64, 64" CustomAttributes="_OlapDataSeries_=true" LegendText="HQ General Management - Avg Salary"&gt;
    &lt;/Series&gt;
    &lt;Series Name="HQ Human Resources - Avg Salary" XValueType="Double" XValueIndexed="True" YValueType="Double" Color="191, 191, 191" BorderColor="64, 64, 64" CustomAttributes="_OlapDataSeries_=true" LegendText="HQ Human Resources - Avg Salary"&gt;
    &lt;/Series&gt;
    &lt;Series Name="HQ Information Systems - Avg Salary" XValueType="Double" XValueIndexed="True" YValueType="Double" Color="26, 59, 105" BorderColor="64, 64, 64" CustomAttributes="_OlapDataSeries_=true" LegendText="HQ Information Systems - Avg Salary"&gt;
    &lt;/Series&gt;
    &lt;Series Name="HQ Marketing - Avg Salary" XValueType="Double" XValueIndexed="True" YValueType="Double" Color="255, 227, 130" BorderColor="64, 64, 64" CustomAttributes="_OlapDataSeries_=true" LegendText="HQ Marketing - Avg Salary"&gt;
    &lt;/Series&gt;
    &lt;Series Name="Store Information Systems - Avg Salary" XValueType="Double" XValueIndexed="True" YValueType="Double" Color="18, 156, 221" BorderColor="64, 64, 64" CustomAttributes="_OlapDataSeries_=true" LegendText="Store Information Systems - Avg Salary"&gt;
    &lt;/Series&gt;
    &lt;Series Name="Store Management - Avg Salary" XValueType="Double" XValueIndexed="True" YValueType="Double" Color="202, 107, 75" BorderColor="64, 64, 64" CustomAttributes="_OlapDataSeries_=true" LegendText="Store Management - Avg Salary"&gt;
    &lt;/Series&gt;
    &lt;Series Name="Store Permanent Butchers - Avg Salary" XValueType="Double" XValueIndexed="True" YValueType="Double" Color="0, 92, 219" BorderColor="64, 64, 64" CustomAttributes="_OlapDataSeries_=true" LegendText="Store Permanent Butchers - Avg Salary"&gt;
    &lt;/Series&gt;
    &lt;Series Name="Store Permanent Checkers - Avg Salary" XValueType="Double" XValueIndexed="True" YValueType="Double" Color="243, 210, 136" BorderColor="64, 64, 64" CustomAttributes="_OlapDataSeries_=true" LegendText="Store Permanent Checkers - Avg Salary"&gt;
    &lt;/Series&gt;
    &lt;Series Name="Store Permanent Stockers - Avg Salary" XValueType="Double" XValueIndexed="True" YValueType="Double" Color="80, 99, 129" BorderColor="64, 64, 64" CustomAttributes="_OlapDataSeries_=true" LegendText="Store Permanent Stockers - Avg Salary"&gt;
    &lt;/Series&gt;
    &lt;Series Name="Store Temporary Checkers - Avg Salary" XValueType="Double" XValueIndexed="True" YValueType="Double" Color="241, 185, 168" BorderColor="64, 64, 64" CustomAttributes="_OlapDataSeries_=true" LegendText="Store Temporary Checkers - Avg Salary"&gt;
    &lt;/Series&gt;
    &lt;Series Name="Store Temporary Stockers - Avg Salary" XValueType="Double" XValueIndexed="True" YValueType="Double" Color="224, 131, 10" BorderColor="64, 64, 64" CustomAttributes="_OlapDataSeries_=true" LegendText="Store Temporary Stockers - Avg Salary"&gt;
    &lt;/Series&gt;
  &lt;/Series&gt;
  &lt;Legends&gt;
    &lt;Legend Name="Default" BackColor="White" BorderColor="26, 59, 105" ShadowOffset="2"&gt;
    &lt;/Legend&gt;
  &lt;/Legends&gt;
  &lt;Titles&gt;
    &lt;Title Name="MainTitle" Text="Avg Salary by Department by Store Type by Time" Font="Microsoft Sans Serif, 12pt"&gt;
    &lt;/Title&gt;
    &lt;Title Name="NoData" Visible="False" DockToChartArea="Default" Text="No Data Available"&gt;
    &lt;/Title&gt;
  &lt;/Titles&gt;
  &lt;Annotations&gt;
    &lt;PolylineAnnotation FreeDrawPlacement="True" Name="Polyline3" LineColor="Red" LineWidth="2" ShadowOffset="2"&gt;
    &lt;/PolylineAnnotation&gt;
    &lt;PolylineAnnotation FreeDrawPlacement="True" Name="Polyline6" LineColor="Red" LineWidth="2" ShadowOffset="2"&gt;
    &lt;/PolylineAnnotation&gt;
    &lt;PolylineAnnotation FreeDrawPlacement="True" Name="Polyline7" LineColor="Red" LineWidth="2" ShadowOffset="2"&gt;
    &lt;/PolylineAnnotation&gt;
    &lt;PolylineAnnotation FreeDrawPlacement="True" Name="Polyline8" LineColor="Red" LineWidth="2" ShadowOffset="2"&gt;
    &lt;/PolylineAnnotation&gt;
  &lt;/Annotations&gt;
  &lt;ChartAreas&gt;
    &lt;ChartArea BackColor="White" ShadowOffset="2" BorderColor="26, 59, 105" BorderStyle="Solid" Name="Default"&gt;
      &lt;CursorX SelectionStart="5" SelectionEnd="5" UserSelection="True" /&gt;
      &lt;AxisY LabelsAutoFitStyle="DecreaseFont, LabelsAngleStep90, WordWrap"&gt;
        &lt;MajorGrid LineColor="Silver" /&gt;
        &lt;MinorGrid LineColor="Silver" /&gt;
      &lt;/AxisY&gt;
      &lt;AxisX LabelsAutoFitStyle="DecreaseFont, LabelsAngleStep90, WordWrap"&gt;
        &lt;MajorGrid LineColor="Silver" Enabled="False" /&gt;
        &lt;MinorGrid LineColor="Silver" /&gt;
        &lt;MajorTickMark Interval="1" Enabled="False" /&gt;
        &lt;MinorTickMark LineColor="Transparent" Disabled="False" /&gt;
        &lt;LabelStyle Interval="1" /&gt;
        &lt;ScrollBar PositionInside="False" BackColor="Control" /&gt;
      &lt;/AxisX&gt;
      &lt;AxisX2 LabelsAutoFitStyle="DecreaseFont, LabelsAngleStep90, WordWrap"&gt;
        &lt;MajorGrid LineColor="Silver" Enabled="False" /&gt;
        &lt;MinorGrid LineColor="Silver" /&gt;
        &lt;MajorTickMark Interval="1" /&gt;
        &lt;LabelStyle Interval="1" /&gt;
      &lt;/AxisX2&gt;
      &lt;AxisY2 LabelsAutoFitStyle="DecreaseFont, LabelsAngleStep90, WordWrap"&gt;
        &lt;MajorGrid LineColor="Silver" /&gt;
        &lt;MinorGrid LineColor="Silver" /&gt;
      &lt;/AxisY2&gt;
    &lt;/ChartArea&gt;
  &lt;/ChartAreas&gt;
  &lt;BorderSkin SkinStyle="Emboss" FrameBackColor="CornflowerBlue" FrameBackGradientEndColor="CornflowerBlue" /&gt;
  &lt;UI&gt;
    &lt;ContextMenu Enabled="True"&gt;
    &lt;/ContextMenu&gt;
    &lt;Toolbar Enabled="True" Placement="OutsideChart" BorderColor="26, 59, 105"&gt;
      &lt;BorderSkin SkinStyle="Emboss" /&gt;
    &lt;/Toolbar&gt;
  &lt;/UI&gt;
&lt;/OlapChart&gt;</ChartTemplate>
    <AxisDescriptors>
      <AxisDescriptor AxisName="Categorical">
        <Dimensions>
          <Dimension Name="Time" LevelName="Year" ShowAllParentLevels="False" MemberSortOrder="None">
            <Members>
              <Member Name="1997" UniqueName="[Time].[1997]" />
              <Member Name="1998" UniqueName="[Time].[1998]" />
            </Members>
          </Dimension>
          <Dimension Name="Store Type" LevelName="Store Type" ShowAllParentLevels="False" MemberSortOrder="None">
            <Members>
              <Member Name="Deluxe Supermarket" UniqueName="[Store Type].[All Store Type].[Deluxe Supermarket]" />
              <Member Name="Gourmet Supermarket" UniqueName="[Store Type].[All Store Type].[Gourmet Supermarket]" />
              <Member Name="HeadQuarters" UniqueName="[Store Type].[All Store Type].[HeadQuarters]" />
              <Member Name="Mid-Size Grocery" UniqueName="[Store Type].[All Store Type].[Mid-Size Grocery]" />
              <Member Name="Small Grocery" UniqueName="[Store Type].[All Store Type].[Small Grocery]" />
              <Member Name="Supermarket" UniqueName="[Store Type].[All Store Type].[Supermarket]" />
            </Members>
          </Dimension>
        </Dimensions>
      </AxisDescriptor>
      <AxisDescriptor AxisName="Series">
        <Dimensions>
          <Dimension Name="Department" LevelName="Department Description" ShowAllParentLevels="False" MemberSortOrder="None">
            <Members>
              <Member Name="HQ Finance and Accounting" UniqueName="[Department].[All Department].[HQ Finance and Accounting]" />
              <Member Name="HQ General Management" UniqueName="[Department].[All Department].[HQ General Management]" />
              <Member Name="HQ Human Resources" UniqueName="[Department].[All Department].[HQ Human Resources]" />
              <Member Name="HQ Information Systems" UniqueName="[Department].[All Department].[HQ Information Systems]" />
              <Member Name="HQ Marketing" UniqueName="[Department].[All Department].[HQ Marketing]" />
              <Member Name="Store Information Systems" UniqueName="[Department].[All Department].[Store Information Systems]" />
              <Member Name="Store Management" UniqueName="[Department].[All Department].[Store Management]" />
              <Member Name="Store Permanent Butchers" UniqueName="[Department].[All Department].[Store Permanent Butchers]" />
              <Member Name="Store Permanent Checkers" UniqueName="[Department].[All Department].[Store Permanent Checkers]" />
              <Member Name="Store Permanent Stockers" UniqueName="[Department].[All Department].[Store Permanent Stockers]" />
              <Member Name="Store Temporary Checkers" UniqueName="[Department].[All Department].[Store Temporary Checkers]" />
              <Member Name="Store Temporary Stockers" UniqueName="[Department].[All Department].[Store Temporary Stockers]" />
            </Members>
          </Dimension>
          <Dimension Name="Measures" LevelName="" ShowAllParentLevels="False" MemberSortOrder="None">
            <Members>
              <Member Name="Avg Salary" UniqueName="[Measures].[Avg Salary]" />
            </Members>
          </Dimension>
        </Dimensions>
      </AxisDescriptor>
      <AxisDescriptor AxisName="Slicer" />
    </AxisDescriptors>
  </OlapReport>
  <OlapReport Name="Products where Sales Count &gt; 2000" Description="" CubeName="Sales" DataTitleFormat="#MEASURES by #DIMENSIONS" ReadOnly="False" NonEmptyCellsOnly="True">
    <ChartTemplate>&lt;?xml version="1.0" encoding="utf-16"?&gt;
&lt;OlapChart SuppressExceptions="True" Palette="Dundas" BackColor="WhiteSmoke" BackGradientType="DiagonalLeft" BackGradientEndColor="White" BorderLineColor="26, 59, 105" BorderLineStyle="Solid" BuildNumber="5.0.0.1689"&gt;
  &lt;Series&gt;
    &lt;Series Name="Sales Count" XValueType="Double" XValueIndexed="True" YValueType="Double" Color="120, 147, 190" BorderColor="64, 64, 64" CustomAttributes="_OlapDataSeries_=true" LegendText="Sales Count"&gt;
    &lt;/Series&gt;
  &lt;/Series&gt;
  &lt;Legends&gt;
    &lt;Legend Name="Default" BackColor="White" BorderColor="26, 59, 105" ShadowOffset="2"&gt;
    &lt;/Legend&gt;
  &lt;/Legends&gt;
  &lt;Titles&gt;
    &lt;Title Name="MainTitle" Text="Sales Count by Product" Font="Microsoft Sans Serif, 12pt"&gt;
    &lt;/Title&gt;
    &lt;Title Name="NoData" Visible="False" DockToChartArea="Default" Text="No Data Available"&gt;
    &lt;/Title&gt;
  &lt;/Titles&gt;
  &lt;ChartAreas&gt;
    &lt;ChartArea BackColor="White" ShadowOffset="2" BorderColor="26, 59, 105" BorderStyle="Solid" Name="Default"&gt;
      &lt;CursorX UserSelection="True" /&gt;
      &lt;AxisY LabelsAutoFitStyle="DecreaseFont, LabelsAngleStep90, WordWrap"&gt;
        &lt;MajorGrid LineColor="Silver" /&gt;
        &lt;MinorGrid LineColor="Silver" /&gt;
      &lt;/AxisY&gt;
      &lt;AxisX LabelsAutoFitStyle="DecreaseFont, LabelsAngleStep90, WordWrap"&gt;
        &lt;MajorGrid LineColor="Silver" Enabled="False" /&gt;
        &lt;MinorGrid LineColor="Silver" /&gt;
        &lt;MajorTickMark Interval="1" Enabled="False" /&gt;
        &lt;MinorTickMark LineColor="Transparent" Disabled="False" /&gt;
        &lt;LabelStyle Interval="1" /&gt;
        &lt;ScrollBar PositionInside="False" BackColor="Control" /&gt;
      &lt;/AxisX&gt;
      &lt;AxisX2 LabelsAutoFitStyle="DecreaseFont, LabelsAngleStep90, WordWrap"&gt;
        &lt;MajorGrid LineColor="Silver" Enabled="False" /&gt;
        &lt;MinorGrid LineColor="Silver" /&gt;
        &lt;MajorTickMark Interval="1" /&gt;
        &lt;LabelStyle Interval="1" /&gt;
      &lt;/AxisX2&gt;
      &lt;AxisY2 LabelsAutoFitStyle="DecreaseFont, LabelsAngleStep90, WordWrap"&gt;
        &lt;MajorGrid LineColor="Silver" /&gt;
        &lt;MinorGrid LineColor="Silver" /&gt;
      &lt;/AxisY2&gt;
    &lt;/ChartArea&gt;
  &lt;/ChartAreas&gt;
  &lt;BorderSkin SkinStyle="Emboss" FrameBackColor="CornflowerBlue" FrameBackGradientEndColor="CornflowerBlue" /&gt;
  &lt;UI&gt;
    &lt;ContextMenu Enabled="True"&gt;
    &lt;/ContextMenu&gt;
    &lt;Toolbar Enabled="True" Placement="OutsideChart" BorderColor="26, 59, 105"&gt;
      &lt;BorderSkin SkinStyle="Emboss" /&gt;
    &lt;/Toolbar&gt;
  &lt;/UI&gt;
&lt;/OlapChart&gt;</ChartTemplate>
    <AxisDescriptors>
      <AxisDescriptor AxisName="Categorical">
        <Dimensions>
          <Dimension Name="Product" LevelName="Product Category" ShowAllParentLevels="False" MemberSortOrder="None" />
        </Dimensions>
        <SortingAndFiltering FilterCondition="More" FilterMeasure="Sales Count" FilterValue="2000" FilterValue2="0" />
      </AxisDescriptor>
      <AxisDescriptor AxisName="Series">
        <Dimensions>
          <Dimension Name="Measures" LevelName="" ShowAllParentLevels="False" MemberSortOrder="None">
            <Members>
              <Member Name="Sales Count" UniqueName="[Measures].[Sales Count]" />
            </Members>
          </Dimension>
        </Dimensions>
      </AxisDescriptor>
      <AxisDescriptor AxisName="Slicer" />
    </AxisDescriptors>
  </OlapReport>
</OlapReports>